date,tags,title,url
2017-04-04,WEB安全, 看我如何窃取Messenger.com用户登录认证随机数并获得15000美元漏洞赏金 ,http://www.freebuf.com/articles/web/130603.html
2017-04-04,工具, Weevely命令传输分析 ,http://www.freebuf.com/sectool/130560.html
2017-04-05,"专题,数据安全", 那些年我们一起守护的“密” ,http://www.freebuf.com/articles/database/130521.html
,,,http://open.freebuf.com/live?id=1052
2017-04-05,"FreeBuf公开课,其他", 关于39美刀的八大热门在线黑客学习课程合集说明 ,http://www.freebuf.com/articles/others-articles/130622.html
2017-04-05,"系统安全,网络安全", “简易下水道”：偷跑流量恶意软件分析 ,http://www.freebuf.com/articles/system/130899.html
2017-04-05,招聘, 绿盟科技招聘安全技术经理 ,http://www.freebuf.com/jobs/130856.html
2017-04-05,活动, 2017中国网络安全技术对抗赛，FreeBuf全程媒体支持 ,http://www.freebuf.com/fevents/131206.html
2017-04-05,"WEB安全,其他", 学点算法搞安全之SVM ,http://www.freebuf.com/articles/web/130004.html
2017-04-05,资讯, Android系统20万美元入侵计划无人问津，研究人员称奖金太少 ,http://www.freebuf.com/news/131128.html
2017-04-06,无线安全, 基于Wifipineapple对无线安全情况的综合性调查与研究 ,http://www.freebuf.com/articles/wireless/130355.html
2017-04-06,系统安全, 通过结构化异常处理绕过CFG ,http://www.freebuf.com/articles/system/131032.html
2017-04-06,工具, Linux下密码抓取神器mimipenguin发布 ,http://www.freebuf.com/sectool/131165.html
2017-04-06,资讯, iOS 10.3.1修复的那个WiFi芯片漏洞，也影响到了数百万Android手机 ,http://www.freebuf.com/news/131295.html
2017-04-06,系统安全, 看我如何在渗透测试过程中发现并利用Serv-U漏洞进行操作系统提权 ,http://www.freebuf.com/articles/system/131170.html
2017-04-06,漏洞, Java AMF3曝远程代码执行漏洞 ,http://www.freebuf.com/vuls/131335.html
2017-03-31,WEB安全, 一种结合了点击劫持、Self-XSS、复制粘贴劫持的新型XSS攻击 ,http://www.freebuf.com/articles/web/130462.html
2017-04-01,"企业安全,观点", 我的泪水你不懂：企业安全工作落地的一些经验 ,http://www.freebuf.com/articles/neopoints/130984.html
2017-04-01,工具, 自动化中间人攻击工具subterfuge小实验 ,http://www.freebuf.com/sectool/130456.html
2017-04-01,资讯, “洗碗机”被曝目录穿越漏洞，物联网安全正越来越糟？ ,http://www.freebuf.com/news/130561.html
2017-04-01,招聘, 唯品会品骏控股有限公司招聘信息安全大牛 ,http://www.freebuf.com/jobs/130260.html
2017-04-01,"系统安全,终端安全", 端点保护的那些事儿：盘点国外流行EDR产品 ,http://www.freebuf.com/articles/terminal/131024.html
2017-04-01,"终端安全,资讯", 新型智能电视攻击，90%电视设备受影响！？ ,http://www.freebuf.com/news/130900.html
2017-04-01,活动, FreeTalk安全沙龙•北京站 演议题征集 ,http://www.freebuf.com/fevents/130918.html
2017-04-01,资讯, Vault 7泄露第三弹：CIA在恶意程序源码中插入外语，嫁祸中国、俄罗斯等国 ,http://www.freebuf.com/news/131048.html
2017-04-02,"专题,其他", 【原创连载小说】《杀手》第二章：黑夜来临 ,http://www.freebuf.com/articles/others-articles/130353.html
2017-04-02,视频, 【FB TV】一周「BUF大事件」：IIS 6.0曝远程代码执行漏洞；LastPass再曝高危漏洞；CNNVD有关58同城简历泄露事件的通报 ,http://www.freebuf.com/video/131106.html
2017-04-02,WEB安全, 如何用最小的代价完成爬虫需求 ,http://www.freebuf.com/articles/web/130291.html
2017-04-02,数据安全, Chrome浏览器上显示绿色标识，你就安全了吗？ ,http://www.freebuf.com/articles/database/130914.html
2017-04-03,工具, 在线恶意软件和URL分析集成框架 – MalSub ,http://www.freebuf.com/sectool/130199.html
2017-03-30,"WEB安全,资讯", 成人网站PornHub跨站脚本（XSS）漏洞挖掘记 ,http://www.freebuf.com/news/129863.html
2017-03-30,"专题,安全报告", 深度：大数据分析公司Palantir如何帮助NSA和他的伙伴们监控全球 ,http://www.freebuf.com/news/130358.html
2017-03-30,"终端安全,资讯", 你的Safari浏览器被“锁”了吗？千万别付赎金，升级iOS 10.3即可 ,http://www.freebuf.com/news/130689.html
2017-03-30,无线安全, 通过BSSID和无线流量传输后门Payload ,http://www.freebuf.com/articles/wireless/130149.html
2017-03-30,招聘, 深信服在引进绝对高端安全人才 ,http://www.freebuf.com/jobs/130231.html
2017-03-30,, 企业安全漏洞通告引擎 ,http://www.freebuf.com/sectool/130605.html
2017-03-30,"FreeBuf公开课,视频", 【周五预告】FreeBuf公开课 | 《网络安全法》对白帽子的影响 ,http://www.freebuf.com/video/130785.html
2017-03-30,"数据安全,网络安全", 利用背景流量数据（contexual flow data） 识别TLS加密恶意流量 ,http://www.freebuf.com/articles/database/130139.html
2017-03-31,工具, 智能模糊测试工具Peach Fuzzer官方文档翻译 ,http://www.freebuf.com/sectool/130191.html
2017-03-31,系统安全, 如何绕过Win8、Win10的systemsetting与注册表校验设置默认浏览器 ,http://www.freebuf.com/articles/system/130288.html
2017-03-31,"漏洞,资讯", 有关Cisco IOS&IOS XE Software CMP安全漏洞情况的通报 ,http://www.freebuf.com/news/130874.html
2017-03-31,活动, 我们聚集了一批精英白帽子，然后把他们带出了国…… ,http://www.freebuf.com/fevents/130768.html
2017-03-31,招聘, 京东信息安全部2017年人才招聘 ,http://www.freebuf.com/jobs/130773.html
2017-03-31,观点, 运营商在打击DDoS攻击上有”不容推卸“的责任 ,http://www.freebuf.com/articles/neopoints/127807.html
2017-03-28,, 反混淆：恢复被OLLVM保护的程序 ,http://www.freebuf.com/articles/terminal/130142.html
2017-03-28,"终端安全,资讯", 小心！国内的恶意软件正在用伪基站传播Android恶意软件 ,http://www.freebuf.com/news/130066.html
2017-03-28,漏洞, 【漏洞预警】IIS 6.0曝远程代码执行漏洞CVE-2017-7269 ,http://www.freebuf.com/vuls/130531.html
2017-03-28,招聘, 上海前隆金融招聘安全专家 ,http://www.freebuf.com/jobs/130136.html
2017-03-28,资讯, 涉嫌入侵雅虎的俄罗斯黑客Alexsey Belan常用渗透手段（TTPs） ,http://www.freebuf.com/news/130209.html
2017-03-28,, IoT设备程序开发及编译环境搭建初体验 ,http://www.freebuf.com/sectool/130091.html
2017-03-28,WEB安全, 【实验】如何本地搭建Struts2框架对S2-045漏洞进行利用 ,http://www.freebuf.com/articles/web/130478.html
2017-03-29,WEB安全, 如何通过SQL注入获取服务器本地文件 ,http://www.freebuf.com/articles/web/130061.html
2017-03-29,网络安全, Winnti组织是如何利用GitHub来进行C＆C通信的 ,http://www.freebuf.com/articles/network/130351.html
2017-03-29,系统安全, 你从哪里来？从弹窗广告发现“全家桶”的惊人秘密 ,http://www.freebuf.com/articles/system/130226.html
2017-03-29,工具, 开源自动化信息收集工具SpiderFoot ,http://www.freebuf.com/sectool/130007.html
2017-03-29,"工具,新手科普", ossim之添加资产全方法 ,http://www.freebuf.com/sectool/130008.html
2017-03-29,招聘, 蔚来NIO招聘信息安全架构师 ,http://www.freebuf.com/jobs/130005.html
2017-03-29,, 八百元八核的服务器？二手服务器搭建指南 ,http://www.freebuf.com/geek/130366.html
2017-03-29,观点, 为什么黑帽黑产，总是领先于安全专家？ ,http://www.freebuf.com/articles/neopoints/129921.html
2017-03-25,"终端安全,观点", 采用端点检测和响应（EDR）解决方案前，你需要了解这10个问题 ,http://www.freebuf.com/articles/terminal/129800.html
2017-03-25,"无线安全,极客", 如何入侵大疆Phantom 3无人机 ,http://www.freebuf.com/articles/wireless/129911.html
2017-03-25,系统安全, SHA1碰撞衍生出的BitErrant攻击 ,http://www.freebuf.com/articles/system/129166.html
